label,tempo,time_signature,key,loudness
hip hop,Andante,4,1,-11.197000000000001
ccm,Moderato,4,7,-7.545
chanson,Allegro,1,10,-7.75
country rock,Moderato,4,7,-8.576
post-grunge,Allegro,1,7,-5.9079999999999995
latin jazz,Allegro,4,8,-9.616
dance pop,Allegro,4,8,-8.879
gangster rap,Andante,4,7,-11.043
ccm,Andante,4,11,-8.686
ccm,Moderato,4,5,-9.998
hip hop,Andante,4,11,-4.882
chanson,Moderato,5,2,-9.97
country rock,Allegro,4,1,-11.335
country rock,Andante,1,5,-15.581
chanson,Allegro,4,8,-9.093
hip hop,Andante,5,1,-10.296
blues-rock,Allegro,4,7,-6.29
latin jazz,Presto,4,5,-15.761
chanson,Allegro,7,0,-27.433000000000003
hip hop,Presto,4,11,-8.709
roots reggae,Allegro,4,2,-11.479000000000001
blues-rock,Presto,1,0,-9.275
chanson,Allegro,1,4,-6.01
dance pop,Moderato,4,10,-4.313
country rock,Presto,4,2,-17.285
blues-rock,Moderato,4,11,-12.651
hip hop,Presto,4,5,-6.019
post-grunge,Allegro,4,9,-4.953
latin jazz,Allegro,4,9,-15.357999999999999
dance pop,Andante,4,10,-5.152
blues-rock,Allegro,4,11,-11.975999999999999
ccm,Allegro,4,6,-5.157
dance pop,Allegro,4,0,-5.21
roots reggae,Allegro,4,3,-9.741
blues-rock,Presto,4,9,-4.198
gangster rap,Presto,4,7,-6.997999999999999
post-grunge,Andante,3,10,-7.309
blues-rock,Allegro,4,2,-6.9510000000000005
latin jazz,Allegro,1,2,-14.509
blues-rock,Allegro,3,4,-12.772
latin jazz,Presto,3,9,-24.596999999999998
gangster rap,Allegro,4,1,-6.933
gangster rap,Andante,4,9,-8.91
post-grunge,Andante,1,2,-1.8430000000000002
chanson,Allegro,1,7,-6.893
roots reggae,Prestissimo,4,10,-4.779
roots reggae,Andante,1,10,-10.173
hip hop,Prestissimo,3,7,-7.307
hip hop,Moderato,4,1,-12.75
hip hop,Presto,3,1,-5.444
latin jazz,Allegro,4,9,-11.877
post-grunge,Allegro,3,9,-5.627000000000001
gangster rap,Andante,4,4,-5.934
blues-rock,Prestissimo,7,1,-10.7
post-grunge,Moderato,5,2,-21.787
country rock,Andante,1,9,-12.77
chanson,Largo,4,3,-13.366
hip hop,Andante,4,6,-5.947
blues-rock,Andante,3,7,-11.488
country rock,Prestissimo,4,8,-13.255999999999998
hip hop,Andante,1,4,-8.422
ccm,Presto,5,2,-10.754000000000001
country rock,Andante,4,3,-8.372
latin jazz,Prestissimo,4,8,-15.672
blues-rock,Andante,4,9,-11.255
latin jazz,Allegro,1,7,-16.113
chanson,Allegro,3,1,-9.843
hip hop,Moderato,4,7,-6.294
hip hop,Andante,4,10,-7.64
blues-rock,Andante,1,4,-6.977
blues-rock,Allegro,1,5,-12.0
hip hop,Presto,4,1,-6.318
chanson,Allegro,4,1,-10.398
blues-rock,Moderato,4,7,-6.9079999999999995
ccm,Allegro,4,5,-9.371
blues-rock,Allegro,4,9,-7.812
hip hop,Presto,4,8,-10.274000000000001
latin jazz,Allegro,4,10,-12.708
gangster rap,Presto,4,4,-5.797000000000001
latin jazz,Andante,1,9,-13.456
ccm,Moderato,1,6,-15.597999999999999
dance pop,Moderato,4,6,-7.834
roots reggae,Andante,4,7,-9.513
country rock,Allegro,4,0,-9.224
hip hop,Allegro,4,10,-6.609
post-grunge,Allegro,4,5,-6.481
blues-rock,Allegro,1,6,-18.863
country rock,Allegro,4,5,-9.464
gangster rap,Andante,4,6,-6.181
ccm,Allegro,7,10,-20.284000000000002
dance pop,Moderato,1,4,-19.976
hip hop,Allegro,4,6,-6.26
ccm,Andante,1,9,-26.625999999999998
blues-rock,Allegro,4,7,-5.207999999999999
country rock,Allegro,4,8,-10.585999999999999
roots reggae,Allegro,4,0,-10.275
hip hop,Allegro,3,11,-7.718999999999999
hip hop,Presto,4,10,-2.542
ccm,Prestissimo,4,0,-8.226
dance pop,Allegro,4,7,-5.962999999999999
country rock,Andante,3,4,-16.357
ccm,Allegro,4,8,-8.132
blues-rock,Moderato,4,9,-6.311
ccm,Allegro,4,10,-10.3
country rock,Allegro,4,7,-15.546
blues-rock,Allegro,1,4,-7.74
roots reggae,Allegro,4,5,-7.7
ccm,Moderato,4,7,-11.235999999999999
post-grunge,Moderato,4,10,-4.998
ccm,Andante,3,0,-20.192999999999998
hip hop,Andante,4,1,-10.203
post-grunge,Andante,4,4,-5.981
gangster rap,Andante,1,9,-5.724
hip hop,Andante,4,1,-9.035
post-grunge,Moderato,4,10,-18.152
roots reggae,Allegro,4,7,-9.99
gangster rap,Andante,4,0,-8.982999999999999
hip hop,Andante,4,10,-7.974
country rock,Allegro,4,4,-11.828
country rock,Andante,3,2,-14.28
ccm,Adagio,5,6,-30.293000000000003
chanson,Allegro,4,0,-9.911
dance pop,Andante,4,11,-8.726
ccm,Moderato,4,11,-6.747999999999999
latin jazz,Andante,5,5,-14.493
blues-rock,Andante,3,10,-9.492
ccm,Allegro,4,9,-7.005
gangster rap,Andante,4,4,-7.837000000000001
chanson,Andante,5,0,-14.710999999999999
country rock,Prestissimo,4,9,-4.994
post-grunge,Allegro,4,6,-5.025
blues-rock,Andante,4,7,-11.105
dance pop,Allegro,3,4,-6.774
chanson,Andante,4,0,-13.637
ccm,Andante,4,10,-12.935
blues-rock,Allegro,5,7,-6.186
latin jazz,Allegro,4,0,-16.05
blues-rock,Allegro,1,8,-4.62
ccm,Andante,4,8,-13.792
blues-rock,Allegro,1,5,-11.814
dance pop,Presto,4,1,-4.184
country rock,Adagio,4,6,-11.155999999999999
blues-rock,Moderato,1,0,-14.293
post-grunge,Andante,4,7,-7.462000000000001
dance pop,Andante,4,6,-6.518
gangster rap,Presto,4,4,-8.005
latin jazz,Allegro,1,4,-5.155
country rock,Moderato,4,9,-11.857000000000001
post-grunge,Allegro,4,7,-5.371
chanson,Andante,1,5,-8.493
latin jazz,Allegro,4,6,-5.5729999999999995
roots reggae,Presto,1,6,-4.812
ccm,Allegro,5,9,-5.946000000000001
hip hop,Presto,4,10,-4.982
latin jazz,Adagio,1,0,-12.91
blues-rock,Andante,3,7,-6.356
ccm,Allegro,4,2,-17.262999999999998
chanson,Andante,5,4,-11.258
ccm,Andante,3,5,-21.506
dance pop,Moderato,4,10,-5.303999999999999
blues-rock,Moderato,4,5,-6.724
blues-rock,Allegro,4,7,-7.356
post-grunge,Presto,4,4,-5.814
dance pop,Allegro,4,10,-4.854
chanson,Largo,4,7,-16.163
latin jazz,Moderato,1,7,-14.919
dance pop,Allegro,4,7,-5.16
gangster rap,Prestissimo,4,7,-4.394
hip hop,Andante,3,11,-3.062
hip hop,Andante,4,1,-5.869
hip hop,Presto,1,5,-3.947
gangster rap,Andante,4,10,-3.741
chanson,Allegro,4,5,-17.660999999999998
roots reggae,Allegro,4,7,-10.484000000000002
ccm,Allegro,4,1,-10.550999999999998
dance pop,Allegro,4,11,-4.465
ccm,Andante,4,10,-7.68
gangster rap,Allegro,4,10,-4.678
post-grunge,Allegro,1,7,-9.296
post-grunge,Allegro,4,9,-7.207000000000001
chanson,Allegro,4,7,-8.25
blues-rock,Allegro,4,7,-3.9419999999999997
latin jazz,Andante,3,9,-12.026
post-grunge,Andante,4,9,-2.679
gangster rap,Andante,4,9,-9.725
ccm,Allegro,4,6,-13.991
dance pop,Andante,4,8,-8.246
chanson,Grave,4,1,-10.620999999999999
chanson,Andante,4,11,-13.578
ccm,Allegro,4,2,-10.42
ccm,Allegro,4,1,-10.485999999999999
blues-rock,Allegro,4,2,-6.067
hip hop,Moderato,5,9,-6.61
gangster rap,Allegro,4,4,-6.83
roots reggae,Allegro,4,1,-15.075999999999999
blues-rock,Andante,4,0,-9.978
roots reggae,Allegro,1,1,-13.192
chanson,Andante,5,3,-5.896
roots reggae,Allegro,4,8,-13.633
roots reggae,Allegro,1,11,-11.706
ccm,Allegro,4,0,-10.238999999999999
ccm,Andante,4,10,-1.723
post-grunge,Allegro,3,6,-5.654
hip hop,Allegro,4,7,-5.227
roots reggae,Allegro,4,0,-10.475
gangster rap,Andante,4,1,-2.844
post-grunge,Allegro,4,7,-8.311
roots reggae,Allegro,4,7,-8.815
roots reggae,Andante,3,1,-23.684
country rock,Moderato,1,1,-12.806
gangster rap,Andante,4,6,-5.627000000000001
chanson,Moderato,4,0,-7.683
country rock,Andante,3,11,-16.399
roots reggae,Allegro,4,3,-13.687999999999999
blues-rock,Andante,3,9,-21.361
blues-rock,Allegro,4,5,-8.311
country rock,Andante,3,5,-6.652
country rock,Andante,3,11,-14.300999999999998
blues-rock,Allegro,1,0,-10.241
gangster rap,Andante,4,6,-3.38
blues-rock,Moderato,4,9,-7.183
hip hop,Moderato,1,2,-13.276
post-grunge,Andante,4,7,-7.711
blues-rock,Andante,4,2,-5.807
roots reggae,Andante,3,9,-11.837
dance pop,Allegro,4,0,-5.242999999999999
chanson,Presto,1,0,-14.252
blues-rock,Andante,1,8,-20.026
latin jazz,Adagio,1,7,-24.421999999999997
latin jazz,Allegro,5,2,-11.4
country rock,Allegro,4,11,-13.569
country rock,Andante,4,2,-13.311
hip hop,Andante,4,2,-8.328
blues-rock,Allegro,4,4,-8.748
blues-rock,Adagio,4,9,-14.755
blues-rock,Allegro,4,7,-6.4270000000000005
ccm,Andante,3,2,-11.527999999999999
gangster rap,Andante,4,8,-12.088
blues-rock,Moderato,1,5,-10.943
blues-rock,Andante,4,0,-14.073
hip hop,Andante,4,2,-9.495
dance pop,Allegro,4,5,-5.704
dance pop,Andante,4,6,-4.947
dance pop,Andante,3,0,-3.738
country rock,Allegro,4,9,-13.770999999999999
blues-rock,Andante,4,2,-6.872999999999999
hip hop,Andante,4,1,-9.532
blues-rock,Prestissimo,4,4,-10.261
chanson,Presto,7,7,-9.76
blues-rock,Andante,4,9,-12.767000000000001
post-grunge,Allegro,4,2,-4.768
blues-rock,Moderato,4,5,-12.239
country rock,Presto,4,0,-12.193
latin jazz,Adagio,1,0,-14.818
gangster rap,Andante,4,11,-12.042
hip hop,Allegro,4,7,-5.106
country rock,Moderato,5,9,-11.252
chanson,Allegro,5,0,-6.301
roots reggae,Allegro,4,1,-9.256
chanson,Andante,4,10,-15.405999999999999
blues-rock,Andante,4,11,-8.287
blues-rock,Andante,1,2,-5.763
blues-rock,Moderato,1,4,-12.472999999999999
roots reggae,Andante,4,2,-13.05
blues-rock,Andante,4,2,-7.119
ccm,Allegro,4,2,-5.202000000000001
post-grunge,Prestissimo,4,2,-5.428999999999999
post-grunge,Allegro,4,0,-12.987
country rock,Andante,3,4,-10.38
country rock,Andante,3,2,-10.247
country rock,Allegro,4,2,-13.321
ccm,Allegro,5,11,-10.012
ccm,Andante,4,7,-16.195999999999998
hip hop,Andante,4,0,-5.92
chanson,Allegro,4,2,-8.508
hip hop,Presto,4,6,-6.265
post-grunge,Allegro,4,11,-6.421
blues-rock,Presto,3,0,-12.797
chanson,Allegro,4,11,-5.612
ccm,Allegro,4,6,-6.477
chanson,Andante,4,10,-14.392999999999999
post-grunge,Andante,4,4,-12.637
blues-rock,Allegro,1,1,-6.216
hip hop,Andante,4,7,-7.359
latin jazz,Allegro,1,0,-19.87
post-grunge,Allegro,4,6,-4.773
hip hop,Moderato,5,11,-10.69
country rock,Andante,5,0,-17.772000000000002
hip hop,Andante,4,1,-4.952
post-grunge,Allegro,4,5,-5.15
ccm,Allegro,4,2,-13.341
hip hop,Andante,4,2,-5.19
chanson,Andante,5,8,-15.404000000000002
roots reggae,Allegro,4,10,-13.485999999999999
ccm,Allegro,4,4,-3.6630000000000003
dance pop,Allegro,5,5,-7.294
ccm,Presto,3,1,-9.295
hip hop,Moderato,5,1,-5.73
post-grunge,Andante,4,1,-9.429
hip hop,Presto,4,7,-10.790999999999999
latin jazz,Adagio,5,7,-19.736
hip hop,Andante,4,6,-6.617999999999999
latin jazz,Presto,4,5,-10.96
gangster rap,Andante,4,6,-6.57
country rock,Moderato,4,2,-9.322000000000001
ccm,Allegro,4,2,-3.353
hip hop,Presto,4,1,-8.15
latin jazz,Allegro,4,1,-10.537
chanson,Allegro,4,2,-5.074
chanson,Moderato,4,2,-11.556
post-grunge,Grave,4,10,-34.033
hip hop,Moderato,4,8,-9.505
latin jazz,Presto,4,0,-23.549
country rock,Andante,4,6,-4.4030000000000005
roots reggae,Allegro,4,1,-17.081
chanson,Andante,5,8,-17.186
blues-rock,Adagio,3,0,-13.982999999999999
blues-rock,Allegro,4,11,-8.525
hip hop,Presto,5,6,-6.72
post-grunge,Andante,4,9,-3.8
gangster rap,Andante,4,4,-8.963
latin jazz,Andante,4,6,-23.155
hip hop,Presto,4,7,-2.9730000000000003
hip hop,Andante,4,5,-14.808
ccm,Andante,4,4,-4.774
blues-rock,Moderato,4,7,-8.087
post-grunge,Allegro,4,4,-7.3
blues-rock,Andante,7,0,-9.573
latin jazz,Allegro,1,1,-17.518
gangster rap,Andante,4,0,-2.98
dance pop,Andante,4,7,-8.7
chanson,Largo,4,4,-14.562000000000001
blues-rock,Allegro,4,4,-10.091000000000001
blues-rock,Moderato,4,9,-13.589
ccm,Allegro,4,0,-8.277999999999999
latin jazz,Presto,1,5,-11.257
country rock,Adagio,1,2,-13.558
blues-rock,Andante,4,7,-13.411
post-grunge,Presto,4,2,-8.522
chanson,Allegro,1,7,-10.061
dance pop,Presto,4,4,-9.86
chanson,Allegro,4,4,-9.224
chanson,Prestissimo,4,7,-9.606
hip hop,Allegro,4,5,-6.2589999999999995
hip hop,Allegro,3,1,-13.149000000000001
blues-rock,Allegro,4,7,-6.209
ccm,Allegro,4,5,-8.925
hip hop,Andante,4,1,-5.167000000000001
blues-rock,Moderato,4,8,-8.066
country rock,Moderato,4,7,-12.581
country rock,Moderato,4,9,-13.644
ccm,Allegro,4,9,-9.802999999999999
post-grunge,Allegro,4,2,-4.8660000000000005
post-grunge,Allegro,4,4,-5.247000000000001
hip hop,Presto,4,11,-3.889
ccm,Andante,3,0,-17.471
chanson,Allegro,4,1,-8.085
ccm,Moderato,4,10,-11.3
blues-rock,Allegro,4,11,-8.706
gangster rap,Andante,4,7,-8.273
gangster rap,Andante,4,5,-7.239
gangster rap,Prestissimo,4,1,-5.189
latin jazz,Moderato,1,2,-8.674
dance pop,Allegro,4,0,-10.288
blues-rock,Andante,4,9,-5.563
chanson,Allegro,4,7,-12.158
country rock,Andante,5,6,-11.958
hip hop,Allegro,4,5,-6.102
blues-rock,Moderato,4,0,-6.18
post-grunge,Allegro,4,7,-3.765
roots reggae,Allegro,4,0,-5.142
ccm,Allegro,4,0,-13.484000000000002
chanson,Andante,7,1,-10.166
ccm,Allegro,4,4,-6.917000000000001
ccm,Allegro,4,8,-11.29
blues-rock,Presto,3,10,-6.367000000000001
post-grunge,Allegro,4,9,-2.741
post-grunge,Presto,1,7,-6.986000000000001
blues-rock,Moderato,1,2,-4.556
ccm,Moderato,4,6,-9.279
hip hop,Moderato,3,2,-10.152000000000001
ccm,Andante,4,7,-12.118
blues-rock,Allegro,4,2,-7.0329999999999995
chanson,Allegro,4,7,-11.427999999999999
latin jazz,Allegro,5,5,-13.005999999999998
latin jazz,Moderato,3,9,-19.64
post-grunge,Allegro,4,2,-12.283
hip hop,Andante,5,11,-12.908
roots reggae,Allegro,4,0,-19.633
roots reggae,Allegro,4,0,-6.9239999999999995
gangster rap,Andante,4,0,-8.666
ccm,Allegro,4,1,-7.831
gangster rap,Andante,4,6,-5.16
hip hop,Andante,3,10,-7.144
ccm,Andante,4,0,-11.402999999999999
blues-rock,Andante,1,3,-13.705
hip hop,Adagio,5,10,-13.306
latin jazz,Andante,4,4,-14.117
post-grunge,Moderato,4,10,-8.416
gangster rap,Presto,4,10,-3.165
post-grunge,Allegro,3,10,-7.5889999999999995
ccm,Allegro,4,7,-7.874
ccm,Allegro,4,10,-4.601
blues-rock,Andante,1,4,-9.384
post-grunge,Andante,4,9,-5.88
roots reggae,Allegro,4,6,-7.454
latin jazz,Allegro,4,0,-7.437
ccm,Andante,4,1,-6.949
chanson,Andante,7,3,-6.752000000000001
blues-rock,Presto,3,2,-5.376
hip hop,Adagio,1,1,-5.625
roots reggae,Allegro,1,11,-13.615
blues-rock,Andante,4,4,-10.561
ccm,Moderato,4,4,-9.535
blues-rock,Allegro,4,7,-8.392000000000001
latin jazz,Moderato,4,2,-13.005
hip hop,Largo,4,0,-22.214000000000002
roots reggae,Allegro,1,11,-14.835
ccm,Allegro,4,1,-6.02
blues-rock,Andante,4,9,-3.8789999999999996
post-grunge,Presto,4,9,-11.622
ccm,Andante,4,7,-9.475
hip hop,Andante,4,5,-16.205
hip hop,Andante,4,6,-5.939
hip hop,Andante,1,4,-12.054
ccm,Largo,1,5,-14.587
hip hop,Largo,4,4,-6.79
ccm,Allegro,4,1,-5.1739999999999995
ccm,Andante,7,7,-15.636
blues-rock,Allegro,1,4,-15.015999999999998
hip hop,Andante,4,1,-6.905
country rock,Andante,4,6,-14.712
latin jazz,Adagio,1,3,-24.57
hip hop,Moderato,3,2,-6.426
blues-rock,Allegro,1,0,-12.569
country rock,Presto,4,9,-3.082
blues-rock,Allegro,1,9,-13.839
ccm,Allegro,4,0,-7.181
blues-rock,Andante,3,7,-15.493
blues-rock,Moderato,1,2,-15.202
blues-rock,Allegro,3,1,-15.912
gangster rap,Allegro,4,1,-3.775
chanson,Andante,3,2,-14.658
roots reggae,Andante,4,4,-10.901
country rock,Allegro,4,7,-7.225
latin jazz,Andante,4,10,-12.927999999999999
blues-rock,Andante,4,9,-14.135
gangster rap,Andante,4,5,-5.815
latin jazz,Andante,4,9,-10.509
gangster rap,Andante,4,6,-6.353
ccm,Allegro,4,0,-12.515
ccm,Moderato,4,7,-8.691
latin jazz,Moderato,4,5,-6.803
roots reggae,Andante,1,5,-6.303999999999999
country rock,Moderato,4,2,-10.415
hip hop,Presto,4,6,-11.498
blues-rock,Allegro,4,5,-3.432
blues-rock,Moderato,4,1,-8.665
blues-rock,Allegro,4,6,-9.951
post-grunge,Andante,4,8,-9.781
hip hop,Andante,4,8,-3.8480000000000003
blues-rock,Allegro,1,2,-7.204
post-grunge,Andante,4,9,-10.133
latin jazz,Moderato,7,0,-12.039000000000001
chanson,Allegro,4,11,-12.215
roots reggae,Andante,4,11,-7.261
post-grunge,Andante,4,11,-6.0360000000000005
blues-rock,Moderato,3,4,-14.977
hip hop,Andante,4,6,-11.38
roots reggae,Allegro,4,6,-8.173
chanson,Andante,4,2,-12.838
hip hop,Andante,4,1,-7.275
latin jazz,Allegro,1,0,-15.71
ccm,Allegro,4,7,-6.428999999999999
ccm,Presto,4,9,-12.504000000000001
post-grunge,Allegro,4,2,-5.192
blues-rock,Andante,4,2,-6.398
gangster rap,Andante,4,7,-10.068999999999999
blues-rock,Andante,5,2,-13.637
roots reggae,Allegro,4,11,-5.627000000000001
gangster rap,Presto,4,10,-14.922
blues-rock,Moderato,4,4,-9.1
roots reggae,Andante,4,2,-6.29
post-grunge,Allegro,4,1,-4.0169999999999995
roots reggae,Allegro,4,6,-10.742
chanson,Allegro,1,10,-8.789
latin jazz,Allegro,4,2,-3.892
chanson,Adagio,5,9,-10.635
hip hop,Presto,3,11,-4.316
post-grunge,Presto,1,7,-5.95
gangster rap,Presto,4,10,-6.644
ccm,Andante,3,11,-12.16
blues-rock,Allegro,4,0,-6.83
blues-rock,Allegro,4,0,-9.926
blues-rock,Andante,4,9,-6.622999999999999
hip hop,Andante,4,1,-11.302
dance pop,Allegro,3,4,-6.635
blues-rock,Allegro,4,4,-6.736000000000001
blues-rock,Andante,4,0,-7.349
latin jazz,Allegro,4,1,-8.232000000000001
roots reggae,Allegro,4,5,-7.284
chanson,Allegro,4,6,-8.648
hip hop,Presto,4,6,-6.211
hip hop,Allegro,4,5,-7.037999999999999
gangster rap,Moderato,4,0,-6.945
gangster rap,Allegro,1,7,-8.451
dance pop,Allegro,4,5,-11.918
gangster rap,Andante,5,1,-6.888
chanson,Allegro,4,8,-5.772
ccm,Moderato,4,9,-13.474
blues-rock,Allegro,4,2,-6.626
chanson,Andante,4,7,-18.803
latin jazz,Presto,1,0,-9.349
hip hop,Andante,4,11,-5.688
country rock,Andante,4,9,-13.404000000000002
dance pop,Allegro,4,3,-9.635
latin jazz,Allegro,5,8,-14.181
dance pop,Allegro,5,2,-19.99
roots reggae,Allegro,4,6,-6.0920000000000005
ccm,Andante,4,4,-2.224
ccm,Moderato,3,0,-9.915
chanson,Andante,5,0,-14.863
chanson,Andante,5,4,-15.615
dance pop,Allegro,4,7,-6.62
chanson,Andante,4,0,-14.946
chanson,Prestissimo,1,6,-10.062000000000001
dance pop,Andante,4,0,-8.298
hip hop,Allegro,3,1,-9.644
hip hop,Andante,1,1,-12.69
blues-rock,Allegro,4,9,-5.981
country rock,Largo,4,3,-6.857
blues-rock,Allegro,1,0,-9.392000000000001
roots reggae,Adagio,5,6,-5.587000000000001
chanson,Allegro,4,2,-10.899000000000001
ccm,Allegro,4,0,-9.64
latin jazz,Adagio,1,5,-16.252
roots reggae,Allegro,1,7,-9.32
blues-rock,Andante,4,4,-11.08
ccm,Andante,4,0,-9.113
gangster rap,Allegro,4,1,-7.532
latin jazz,Allegro,4,0,-10.325
hip hop,Andante,4,2,-5.022
ccm,Allegro,7,8,-22.504
post-grunge,Andante,4,7,-5.382000000000001
latin jazz,Andante,3,0,-13.984000000000002
post-grunge,Allegro,4,1,-4.176
blues-rock,Allegro,4,2,-4.651
chanson,Presto,1,5,-12.187000000000001
blues-rock,Allegro,4,7,-10.097000000000001
blues-rock,Allegro,4,2,-8.978
chanson,Allegro,5,1,-11.242
ccm,Presto,4,2,-10.995999999999999
ccm,Andante,4,11,-13.505999999999998
hip hop,Andante,4,0,-7.941
gangster rap,Andante,4,7,-9.632
chanson,Andante,4,4,-12.35
post-grunge,Allegro,4,9,-3.2289999999999996
gangster rap,Allegro,3,5,-5.345
blues-rock,Allegro,3,7,-7.737
chanson,Allegro,4,6,-10.696
gangster rap,Andante,5,1,-8.4
chanson,Moderato,4,9,-11.325999999999999
blues-rock,Andante,4,0,-6.41
ccm,Andante,4,7,-4.744
blues-rock,Allegro,1,4,-5.063
blues-rock,Allegro,1,10,-9.406
ccm,Andante,4,11,-10.095
country rock,Allegro,4,7,-4.43
hip hop,Andante,4,10,-3.6839999999999997
hip hop,Allegro,4,11,-4.04
roots reggae,Allegro,4,10,-17.309
roots reggae,Allegro,4,6,-13.713
blues-rock,Allegro,3,10,-12.219000000000001
roots reggae,Allegro,4,9,-8.476
ccm,Allegro,4,5,-11.706
hip hop,Presto,4,10,-12.738
dance pop,Allegro,1,4,-8.038
hip hop,Andante,4,10,-4.883
ccm,Allegro,4,5,-16.409000000000002
hip hop,Andante,4,7,-3.574
chanson,Allegro,4,5,-13.379000000000001
ccm,Andante,3,4,-25.26
chanson,Andante,4,9,-22.504
roots reggae,Andante,4,2,-13.139000000000001
chanson,Andante,3,2,-20.869
hip hop,Moderato,1,9,-6.295
blues-rock,Presto,1,9,-18.909000000000002
ccm,Moderato,1,2,-14.677
roots reggae,Allegro,4,11,-8.01
dance pop,Prestissimo,1,10,-12.005
ccm,Moderato,4,7,-7.92
blues-rock,Allegro,4,10,-7.611000000000001
blues-rock,Andante,4,9,-20.496
hip hop,Andante,3,7,-13.12
country rock,Moderato,4,7,-9.302
ccm,Allegro,4,11,-8.797
chanson,Allegro,4,6,-12.472000000000001
chanson,Allegro,4,7,-11.373
dance pop,Allegro,1,11,-10.033999999999999
blues-rock,Andante,5,5,-10.3
post-grunge,Allegro,4,11,-4.6339999999999995
latin jazz,Allegro,4,8,-7.136
hip hop,Andante,3,6,-8.762
ccm,Allegro,4,7,-9.464
chanson,Allegro,4,7,-6.862
chanson,Moderato,4,11,-5.53
latin jazz,Allegro,1,5,-12.245999999999999
blues-rock,Allegro,4,6,-8.692
gangster rap,Andante,4,6,-3.813
blues-rock,Moderato,3,2,-9.925
ccm,Allegro,4,1,-10.383
hip hop,Allegro,5,10,-7.957999999999999
hip hop,Presto,4,1,-9.436
chanson,Allegro,1,5,-5.382000000000001
latin jazz,Prestissimo,4,5,-15.82
hip hop,Allegro,4,1,-6.305
dance pop,Prestissimo,4,4,-10.447000000000001
dance pop,Andante,4,10,-5.919
country rock,Andante,4,6,-11.011
gangster rap,Presto,1,1,-15.329
dance pop,Allegro,4,9,-7.06
ccm,Allegro,4,1,-13.052999999999999
country rock,Andante,3,7,-9.38
dance pop,Adagio,7,10,-32.742
blues-rock,Allegro,1,2,-12.217
blues-rock,Allegro,1,10,-13.339
post-grunge,Allegro,4,2,-5.199
blues-rock,Andante,4,11,-12.895999999999999
latin jazz,Allegro,4,6,-8.368
post-grunge,Allegro,4,8,-4.044
chanson,Andante,1,2,-5.767
ccm,Presto,4,4,-6.352
roots reggae,Andante,4,7,-8.089
ccm,Allegro,4,0,-7.329
latin jazz,Presto,4,8,-9.832
chanson,Prestissimo,3,5,-8.328
dance pop,Moderato,4,8,-11.761
hip hop,Andante,4,4,-9.356
chanson,Moderato,3,7,-12.882
hip hop,Andante,1,1,-10.950999999999999
country rock,Allegro,4,10,-14.751
chanson,Andante,4,4,-12.924000000000001
chanson,Moderato,4,4,-9.885
chanson,Allegro,1,9,-8.573
country rock,Moderato,1,9,-6.9910000000000005
country rock,Moderato,4,10,-9.612
roots reggae,Moderato,4,8,-9.787
latin jazz,Allegro,4,1,-10.868
post-grunge,Presto,4,7,-7.127999999999999
chanson,Allegro,4,3,-10.322000000000001
blues-rock,Allegro,1,11,-11.719000000000001
hip hop,Presto,4,1,-5.756
blues-rock,Moderato,4,6,-12.287
roots reggae,Allegro,1,0,-13.637
ccm,Allegro,4,1,-3.092
latin jazz,Prestissimo,4,5,-12.995
hip hop,Allegro,4,0,-8.183
country rock,Allegro,3,11,-12.945
blues-rock,Andante,3,2,-11.164000000000001
chanson,Prestissimo,3,3,-20.754
hip hop,Andante,4,6,-8.821
hip hop,Andante,4,2,-5.797000000000001
hip hop,Andante,4,11,-6.355
roots reggae,Allegro,4,1,-7.325
hip hop,Presto,4,1,-5.121
dance pop,Moderato,5,8,-5.928
blues-rock,Allegro,1,7,-11.864
hip hop,Andante,4,2,-9.224
dance pop,Moderato,4,8,-5.01
hip hop,Allegro,4,2,-11.335
dance pop,Andante,4,6,-1.81
ccm,Andante,4,8,-5.643
country rock,Andante,4,5,-6.182
latin jazz,Prestissimo,4,1,-10.176
gangster rap,Allegro,4,8,-6.893
country rock,Allegro,1,0,-18.57
blues-rock,Andante,4,2,-8.441
hip hop,Andante,3,4,-7.699
ccm,Allegro,4,2,-11.724
chanson,Allegro,4,11,-3.574
ccm,Allegro,3,8,-15.37
chanson,Allegro,4,5,-11.372
hip hop,Andante,4,0,-7.184
country rock,Allegro,1,3,-8.46
hip hop,Andante,4,9,-15.059000000000001
country rock,Allegro,4,7,-8.139
hip hop,Prestissimo,4,11,-9.255
country rock,Andante,3,0,-10.487
dance pop,Allegro,4,7,-7.287999999999999
roots reggae,Allegro,4,7,-12.914000000000001
latin jazz,Presto,4,9,-12.205
latin jazz,Presto,4,11,-12.860999999999999
gangster rap,Allegro,4,1,-6.827999999999999
blues-rock,Andante,1,4,-12.02
ccm,Allegro,4,7,-11.462
hip hop,Moderato,1,5,-14.434000000000001
latin jazz,Allegro,4,9,-7.497999999999999
blues-rock,Andante,4,2,-7.109
roots reggae,Andante,4,10,-9.187999999999999
post-grunge,Moderato,4,5,-5.327999999999999
hip hop,Presto,7,6,-10.212
dance pop,Allegro,4,6,-12.1
dance pop,Allegro,4,5,-8.414
gangster rap,Andante,4,6,-7.805
hip hop,Allegro,4,1,-7.617999999999999
latin jazz,Allegro,3,4,-15.417
country rock,Andante,4,7,-11.647
post-grunge,Andante,4,11,-4.0680000000000005
blues-rock,Allegro,4,9,-7.457000000000001
blues-rock,Allegro,4,6,-3.201
post-grunge,Allegro,3,2,-7.397
dance pop,Allegro,4,8,-12.585
hip hop,Andante,4,6,-12.274000000000001
ccm,Moderato,4,9,-12.22
ccm,Allegro,4,0,-7.721
hip hop,Andante,4,11,-8.127
roots reggae,Allegro,1,0,-12.692
post-grunge,Allegro,4,7,-11.835
blues-rock,Largo,4,7,-20.055
roots reggae,Allegro,4,10,-5.807
ccm,Presto,1,5,-12.647
ccm,Allegro,4,4,-4.58
blues-rock,Andante,3,5,-13.873
blues-rock,Allegro,1,7,-5.872000000000001
country rock,Moderato,4,7,-9.816
dance pop,Presto,4,11,-3.825
roots reggae,Allegro,4,11,-5.01
blues-rock,Moderato,3,5,-14.259
ccm,Allegro,4,9,-10.674000000000001
roots reggae,Presto,4,9,-8.03
blues-rock,Allegro,4,7,-9.465
chanson,Andante,3,1,-13.017000000000001
blues-rock,Andante,4,7,-12.440999999999999
gangster rap,Adagio,4,7,-9.713
latin jazz,Andante,4,6,-14.675999999999998
blues-rock,Presto,4,0,-13.012
ccm,Andante,3,7,-14.275
ccm,Andante,7,7,-14.173
roots reggae,Andante,1,8,-14.241
blues-rock,Moderato,4,2,-5.365
blues-rock,Allegro,3,9,-9.072000000000001
hip hop,Presto,4,7,-9.559
chanson,Moderato,3,1,-12.755
chanson,Allegro,4,4,-13.354000000000001
country rock,Allegro,4,4,-8.353
hip hop,Andante,4,6,-6.747999999999999
latin jazz,Prestissimo,3,11,-7.622000000000001
blues-rock,Allegro,4,1,-7.933
chanson,Allegro,1,9,-10.829
hip hop,Andante,4,6,-7.0
gangster rap,Andante,4,10,-5.1080000000000005
hip hop,Allegro,1,0,-6.912999999999999
hip hop,Andante,4,7,-6.875
ccm,Andante,4,7,-9.324
roots reggae,Allegro,4,2,-7.885
blues-rock,Presto,4,9,-6.961
blues-rock,Andante,1,7,-7.183
ccm,Andante,4,1,-7.82
blues-rock,Allegro,4,9,-4.8
latin jazz,Prestissimo,1,5,-11.105
hip hop,Andante,4,11,-7.534
blues-rock,Allegro,4,2,-7.111000000000001
hip hop,Allegro,1,7,-11.199000000000002
chanson,Allegro,1,0,-10.062000000000001
roots reggae,Moderato,4,9,-7.8420000000000005
hip hop,Andante,4,10,-6.582999999999999
roots reggae,Allegro,4,11,-7.972
country rock,Andante,4,7,-15.732999999999999
gangster rap,Andante,4,8,-5.066
ccm,Allegro,4,11,-8.998
gangster rap,Andante,4,10,-13.662
dance pop,Allegro,4,0,-10.674000000000001
blues-rock,Andante,3,2,-7.194
hip hop,Moderato,4,2,-4.422
blues-rock,Allegro,4,10,-5.817
ccm,Allegro,3,3,-9.817
latin jazz,Allegro,4,9,-9.076
blues-rock,Moderato,4,6,-5.403
dance pop,Andante,5,6,-7.936
hip hop,Presto,4,0,-5.0680000000000005
roots reggae,Moderato,4,5,-18.933
latin jazz,Allegro,3,4,-20.831
country rock,Moderato,4,10,-11.690999999999999
post-grunge,Andante,3,9,-3.3
blues-rock,Andante,1,1,-14.319
post-grunge,Allegro,1,7,-5.15
dance pop,Moderato,4,7,-13.603
hip hop,Moderato,4,1,-11.151
blues-rock,Prestissimo,7,5,-9.839
roots reggae,Presto,4,8,-3.362
dance pop,Allegro,4,0,-10.252
post-grunge,Andante,4,7,-7.837000000000001
chanson,Allegro,4,2,-14.457
roots reggae,Allegro,4,1,-10.999
dance pop,Andante,3,9,-7.865
ccm,Allegro,4,9,-7.914
ccm,Presto,4,5,-8.139
ccm,Andante,4,9,-8.7
post-grunge,Andante,3,7,-20.406
latin jazz,Moderato,7,5,-11.950999999999999
chanson,Allegro,4,8,-9.042
hip hop,Andante,7,4,-12.140999999999998
gangster rap,Presto,4,6,-12.710999999999999
blues-rock,Allegro,1,2,-5.882999999999999
roots reggae,Allegro,4,1,-11.107000000000001
blues-rock,Moderato,4,5,-11.722999999999999
ccm,Allegro,4,0,-7.853
post-grunge,Presto,4,7,-2.885
blues-rock,Moderato,4,2,-4.27
chanson,Allegro,1,11,-11.899000000000001
dance pop,Andante,4,7,-6.025
roots reggae,Presto,3,10,-6.313
ccm,Andante,4,9,-11.809000000000001
gangster rap,Andante,5,1,-7.803999999999999
hip hop,Allegro,3,3,-24.997
roots reggae,Allegro,4,8,-10.099
gangster rap,Allegro,4,2,-10.373
post-grunge,Presto,3,7,-6.357
ccm,Andante,4,7,-12.245
country rock,Allegro,4,7,-16.834
dance pop,Allegro,1,5,-6.871
post-grunge,Presto,4,7,-5.204
ccm,Presto,4,9,-8.872
dance pop,Allegro,4,4,-9.302999999999999
gangster rap,Andante,4,5,-6.947
ccm,Andante,4,2,-9.585
blues-rock,Allegro,4,7,-9.69
dance pop,Moderato,4,6,-5.407
blues-rock,Allegro,4,11,-6.172000000000001
ccm,Andante,4,7,-12.126
hip hop,Presto,7,0,-6.431
hip hop,Presto,7,6,-6.0120000000000005
dance pop,Allegro,4,6,-3.925
country rock,Allegro,4,4,-8.705
dance pop,Allegro,4,5,-13.844000000000001
blues-rock,Andante,5,7,-9.978
latin jazz,Allegro,1,0,-11.575999999999999
ccm,Allegro,5,9,-7.099
hip hop,Andante,4,10,-11.382
post-grunge,Andante,4,5,-8.1
dance pop,Allegro,4,0,-5.432
ccm,Allegro,4,8,-8.402000000000001
chanson,Adagio,4,9,-13.624
blues-rock,Andante,3,8,-7.155
hip hop,Allegro,5,11,-5.692
hip hop,Adagio,7,8,-5.332999999999999
ccm,Allegro,4,7,-7.836
country rock,Largo,4,5,-10.645999999999999
blues-rock,Allegro,5,7,-5.815
dance pop,Moderato,5,6,-8.464
hip hop,Andante,3,3,-14.254000000000001
chanson,Andante,4,9,-8.503
post-grunge,Andante,4,2,-6.575
country rock,Presto,4,2,-5.972
latin jazz,Andante,5,7,-12.939
latin jazz,Andante,3,5,-10.999
latin jazz,Allegro,4,8,-23.581
chanson,Allegro,4,7,-18.852
hip hop,Andante,4,7,-7.433
gangster rap,Andante,4,5,-7.101
country rock,Andante,4,11,-4.35
chanson,Allegro,5,5,-8.016
dance pop,Allegro,4,9,-10.860999999999999
country rock,Andante,4,11,-13.524000000000001
chanson,Presto,4,9,-8.118
blues-rock,Moderato,3,7,-6.479
country rock,Andante,3,4,-13.823
chanson,Moderato,3,9,-6.755
ccm,Allegro,4,8,-13.644
ccm,Allegro,4,0,-9.908
dance pop,Moderato,4,1,-7.006
hip hop,Andante,4,2,-12.173
latin jazz,Andante,3,2,-25.924
country rock,Allegro,3,1,-8.472000000000001
gangster rap,Allegro,7,9,-13.135
hip hop,Largo,1,1,-4.628
hip hop,Allegro,4,11,-5.846
latin jazz,Andante,7,11,-8.48
country rock,Presto,1,4,-13.839
roots reggae,Andante,4,9,-11.902000000000001
ccm,Allegro,4,0,-12.812999999999999
chanson,Allegro,1,7,-10.592
blues-rock,Andante,4,2,-10.088
ccm,Andante,4,4,-4.877
hip hop,Andante,4,11,-3.58
chanson,Allegro,4,5,-12.892000000000001
country rock,Moderato,1,4,-12.808
ccm,Andante,3,10,-15.993
roots reggae,Andante,3,10,-5.317
chanson,Presto,3,1,-8.783
dance pop,Allegro,7,7,-10.187000000000001
blues-rock,Andante,3,3,-10.262
roots reggae,Allegro,4,7,-9.11
blues-rock,Moderato,1,10,-8.091000000000001
roots reggae,Allegro,4,5,-7.097
blues-rock,Moderato,4,7,-6.825
blues-rock,Allegro,4,6,-9.767999999999999
chanson,Andante,3,2,-14.729000000000001
roots reggae,Allegro,4,0,-6.814
dance pop,Allegro,4,5,-3.7560000000000002
roots reggae,Allegro,4,6,-12.449000000000002
hip hop,Andante,4,10,-11.649000000000001
blues-rock,Allegro,1,7,-11.942
post-grunge,Allegro,4,6,-5.801
blues-rock,Allegro,1,10,-10.398
hip hop,Allegro,4,6,-4.92
post-grunge,Andante,4,0,-5.801
blues-rock,Moderato,5,2,-6.316
hip hop,Allegro,4,4,-14.421
country rock,Presto,1,7,-11.806
hip hop,Presto,4,5,-3.234
blues-rock,Adagio,4,0,-10.514000000000001
blues-rock,Allegro,4,0,-9.045
country rock,Andante,1,0,-18.114
hip hop,Andante,3,9,-10.182
blues-rock,Moderato,4,8,-8.244
country rock,Andante,1,11,-5.176
dance pop,Allegro,4,6,-5.093999999999999
latin jazz,Andante,4,9,-8.238
roots reggae,Andante,1,9,-27.815
dance pop,Moderato,4,9,-8.255
chanson,Moderato,4,9,-10.824000000000002
country rock,Allegro,3,0,-14.912
hip hop,Adagio,3,4,-7.376
blues-rock,Allegro,1,0,-15.6
ccm,Andante,4,9,-10.88
chanson,Andante,7,9,-15.2
hip hop,Allegro,4,2,-6.124
blues-rock,Andante,3,7,-10.380999999999998
dance pop,Andante,4,0,-11.550999999999998
chanson,Andante,4,5,-14.262
chanson,Moderato,3,8,-16.516
country rock,Andante,4,9,-6.681
chanson,Andante,1,4,-20.97
blues-rock,Presto,1,9,-8.026
blues-rock,Andante,4,2,-9.77
dance pop,Andante,4,6,-4.745
country rock,Andante,4,5,-16.735
ccm,Andante,4,1,-8.158
gangster rap,Allegro,4,5,-5.515
chanson,Andante,7,5,-9.711
post-grunge,Presto,4,1,-6.305
ccm,Andante,1,2,-19.725
chanson,Moderato,5,11,-14.263
chanson,Presto,1,2,-11.222000000000001
hip hop,Andante,1,11,-6.593
blues-rock,Andante,3,5,-13.908
chanson,Moderato,3,4,-10.974
roots reggae,Allegro,4,7,-11.206
roots reggae,Allegro,4,11,-6.1339999999999995
gangster rap,Andante,4,6,-8.011000000000001
chanson,Andante,1,11,-4.03
hip hop,Allegro,4,1,-4.41
blues-rock,Andante,4,10,-17.135
post-grunge,Allegro,4,8,-6.121
blues-rock,Allegro,4,9,-8.951
country rock,Allegro,4,7,-16.87
ccm,Allegro,4,7,-9.2
ccm,Allegro,1,1,-18.871
post-grunge,Allegro,3,9,-7.319
dance pop,Allegro,4,0,-10.65
post-grunge,Andante,4,5,-4.531000000000001
latin jazz,Prestissimo,3,5,-9.681000000000001
hip hop,Presto,4,1,-6.947
chanson,Moderato,4,5,-10.338
blues-rock,Andante,4,2,-12.022
roots reggae,Allegro,4,11,-7.441
hip hop,Moderato,3,11,-3.964
blues-rock,Allegro,4,2,-15.693
roots reggae,Allegro,4,8,-13.887
dance pop,Allegro,4,9,-7.093999999999999
gangster rap,Andante,4,11,-5.126
ccm,Andante,3,4,-10.882
dance pop,Andante,4,10,-6.025
hip hop,Largo,1,0,-14.64
chanson,Allegro,1,2,-8.811
gangster rap,Andante,4,2,-7.459
ccm,Presto,4,0,-13.050999999999998
dance pop,Andante,4,0,-6.947
chanson,Allegro,3,2,-9.865
roots reggae,Andante,5,9,-8.227
latin jazz,Adagio,5,2,-19.173
ccm,Andante,4,7,-14.948
gangster rap,Adagio,7,7,-6.647
ccm,Andante,4,4,-11.555
dance pop,Andante,3,7,-5.184
chanson,Prestissimo,3,7,-8.818999999999999
blues-rock,Andante,4,2,-5.746
post-grunge,Presto,4,9,-6.593999999999999
ccm,Allegro,4,2,-7.997000000000001
hip hop,Allegro,4,2,-7.766
ccm,Andante,4,0,-9.818999999999999
hip hop,Presto,4,6,-6.8660000000000005
roots reggae,Allegro,4,7,-6.975
chanson,Allegro,3,5,-9.774
dance pop,Moderato,4,1,-6.4510000000000005
country rock,Allegro,4,11,-23.011999999999997
blues-rock,Moderato,4,9,-5.457000000000001
blues-rock,Presto,3,1,-6.236000000000001
country rock,Allegro,4,0,-12.798
post-grunge,Moderato,4,6,-6.564
chanson,Andante,3,0,-4.727
country rock,Andante,4,7,-20.691
blues-rock,Andante,4,6,-9.11
chanson,Prestissimo,1,1,-10.630999999999998
blues-rock,Allegro,4,9,-12.436
roots reggae,Presto,4,4,-6.653
hip hop,Andante,5,1,-10.067
ccm,Allegro,4,2,-9.193
hip hop,Moderato,4,10,-9.035
hip hop,Andante,4,9,-5.263
blues-rock,Andante,4,8,-9.102
blues-rock,Andante,4,3,-14.089
hip hop,Andante,5,11,-7.486000000000001
post-grunge,Andante,4,9,-7.655
country rock,Presto,4,9,-14.405999999999999
blues-rock,Andante,4,7,-8.064
hip hop,Presto,3,9,-8.343
chanson,Andante,1,0,-15.966
hip hop,Allegro,7,7,-4.547
ccm,Andante,7,7,-9.597999999999999
post-grunge,Allegro,4,0,-10.008
gangster rap,Moderato,4,9,-9.545
hip hop,Presto,4,4,-3.353
dance pop,Moderato,4,10,-7.7620000000000005
roots reggae,Allegro,4,1,-6.895
blues-rock,Allegro,4,1,-9.988999999999999
roots reggae,Andante,3,2,-18.817999999999998
ccm,Moderato,4,9,-5.934
blues-rock,Andante,4,3,-4.325
chanson,Andante,3,7,-16.904
hip hop,Moderato,3,1,-8.745
dance pop,Andante,4,4,-8.933
roots reggae,Presto,1,4,-17.266
blues-rock,Allegro,4,10,-12.824000000000002
latin jazz,Andante,7,7,-5.648
blues-rock,Andante,1,0,-7.961
blues-rock,Moderato,1,3,-9.186
latin jazz,Adagio,3,9,-33.045
dance pop,Allegro,4,2,-7.1739999999999995
chanson,Andante,1,9,-10.012
roots reggae,Andante,5,7,-5.781000000000001
hip hop,Presto,4,1,-7.91
blues-rock,Andante,1,4,-8.163
chanson,Andante,4,1,-11.061
hip hop,Allegro,4,0,-4.523
chanson,Allegro,4,0,-9.636000000000001
dance pop,Allegro,5,1,-6.278
hip hop,Allegro,5,1,-6.619
hip hop,Allegro,5,1,-4.149
country rock,Allegro,4,10,-7.1979999999999995
latin jazz,Presto,4,7,-16.444000000000003
blues-rock,Moderato,1,2,-14.039000000000001
gangster rap,Presto,4,1,-6.696000000000001
latin jazz,Moderato,4,0,-16.945
hip hop,Presto,4,1,-6.25
chanson,Allegro,4,7,-8.533999999999999
roots reggae,Allegro,4,1,-6.53
ccm,Allegro,4,2,-4.7139999999999995
chanson,Allegro,5,2,-8.402999999999999
blues-rock,Allegro,4,8,-13.324000000000002
blues-rock,Allegro,1,4,-13.776
hip hop,Andante,4,7,-8.975
latin jazz,Moderato,4,7,-10.775
chanson,Andante,3,0,-13.828
gangster rap,Andante,4,1,-11.657
hip hop,Adagio,4,2,-27.284000000000002
chanson,Andante,4,10,-11.355
blues-rock,Allegro,1,8,-8.238999999999999
blues-rock,Allegro,4,0,-9.46
latin jazz,Allegro,4,9,-10.222000000000001
ccm,Andante,4,2,-6.276
hip hop,Andante,4,0,-9.592
blues-rock,Andante,4,7,-8.204
ccm,Allegro,3,3,-11.869000000000002
ccm,Andante,4,7,-12.958
blues-rock,Adagio,3,9,-8.039
blues-rock,Allegro,4,2,-5.67
roots reggae,Allegro,4,1,-7.919
latin jazz,Allegro,1,8,-6.39
ccm,Moderato,3,6,-10.156
ccm,Allegro,4,0,-12.102
ccm,Andante,4,2,-6.82
latin jazz,Moderato,1,8,-13.352
post-grunge,Andante,4,0,-10.185
ccm,Allegro,4,11,-9.104
chanson,Andante,4,2,-13.47
ccm,Grave,4,1,-17.230999999999998
post-grunge,Moderato,4,3,-4.183
ccm,Allegro,5,10,-10.812999999999999
chanson,Presto,4,2,-7.4670000000000005
dance pop,Andante,4,2,-4.821000000000001
hip hop,Andante,4,7,-4.974
ccm,Andante,4,7,-6.287999999999999
ccm,Andante,5,0,-8.078
chanson,Allegro,1,0,-6.527
chanson,Moderato,4,4,-12.489
post-grunge,Allegro,4,0,-13.852
country rock,Andante,3,9,-15.581
post-grunge,Allegro,4,2,-15.299000000000001
ccm,Moderato,3,8,-11.333
hip hop,Andante,4,11,-4.328
ccm,Moderato,4,5,-8.375
dance pop,Andante,1,5,-6.131
post-grunge,Moderato,4,2,-8.08
ccm,Andante,4,0,-8.071
ccm,Largo,7,2,-16.705
hip hop,Moderato,5,8,-7.625
blues-rock,Andante,4,4,-4.38
ccm,Largo,4,7,-15.382
post-grunge,Allegro,4,1,-5.968
post-grunge,Allegro,1,2,-2.648
blues-rock,Moderato,4,11,-8.814
post-grunge,Andante,4,4,-3.863
post-grunge,Presto,3,11,-6.676
country rock,Andante,1,7,-8.249
hip hop,Presto,1,8,-3.9560000000000004
hip hop,Andante,4,11,-8.611
country rock,Largo,4,2,-12.67
ccm,Andante,5,3,-14.847999999999999
roots reggae,Allegro,4,9,-14.883
post-grunge,Allegro,4,11,-6.379
post-grunge,Allegro,3,9,-11.284
hip hop,Presto,4,1,-2.274
dance pop,Andante,1,10,-4.204
blues-rock,Moderato,3,9,-8.88
latin jazz,Presto,4,8,-9.575
chanson,Allegro,4,7,-20.541
blues-rock,Andante,4,7,-9.391
hip hop,Presto,4,9,-6.632999999999999
post-grunge,Andante,3,7,-9.953
country rock,Presto,4,2,-8.787
blues-rock,Allegro,4,9,-13.869000000000002
ccm,Allegro,4,0,-12.094000000000001
blues-rock,Andante,4,0,-14.007
roots reggae,Andante,1,9,-5.787999999999999
ccm,Andante,4,0,-8.582
hip hop,Moderato,4,8,-18.604
gangster rap,Allegro,3,9,-3.991
country rock,Allegro,4,2,-9.652999999999999
hip hop,Presto,7,11,-5.511
dance pop,Andante,4,5,-8.147
blues-rock,Allegro,4,6,-17.864
country rock,Moderato,4,2,-10.562000000000001
ccm,Allegro,3,1,-13.295
gangster rap,Allegro,4,2,-6.4879999999999995
latin jazz,Prestissimo,4,2,-12.192
blues-rock,Andante,3,7,-13.202
country rock,Andante,4,9,-12.495
gangster rap,Andante,4,8,-11.36
ccm,Andante,5,9,-9.024
roots reggae,Presto,1,7,-9.351
blues-rock,Andante,3,4,-4.118
roots reggae,Allegro,4,6,-8.28
gangster rap,Andante,4,11,-6.388
roots reggae,Allegro,4,7,-6.487
blues-rock,Allegro,4,5,-5.537999999999999
hip hop,Moderato,4,8,-11.905
latin jazz,Allegro,3,9,-18.7
post-grunge,Allegro,3,10,-7.556
latin jazz,Allegro,4,7,-8.806000000000001
blues-rock,Andante,4,8,-3.96
ccm,Andante,4,7,-6.952999999999999
ccm,Allegro,4,11,-10.543
gangster rap,Andante,4,6,-6.404
country rock,Allegro,1,5,-12.965
latin jazz,Allegro,1,2,-9.086
latin jazz,Andante,4,10,-9.94
chanson,Andante,1,10,-22.166
latin jazz,Allegro,3,0,-9.396
ccm,Presto,3,0,-11.325999999999999
hip hop,Largo,1,5,-18.83
hip hop,Presto,4,1,-7.0329999999999995
roots reggae,Allegro,4,9,-12.763
ccm,Moderato,4,10,-16.307000000000002
roots reggae,Andante,1,0,-6.937
chanson,Allegro,1,5,-11.333
roots reggae,Allegro,4,1,-7.38
blues-rock,Andante,1,6,-12.617
hip hop,Prestissimo,7,4,-13.57
blues-rock,Andante,4,9,-11.088
hip hop,Andante,3,2,-23.129
gangster rap,Presto,4,6,-4.982
gangster rap,Allegro,4,6,-4.62
ccm,Allegro,4,5,-5.165
hip hop,Andante,4,1,-8.667
hip hop,Allegro,4,8,-7.99
dance pop,Grave,1,3,-23.555
chanson,Allegro,4,2,-8.221
ccm,Andante,4,9,-21.715999999999998
hip hop,Andante,4,11,-14.249
blues-rock,Allegro,1,9,-12.302
country rock,Allegro,4,4,-14.257
blues-rock,Andante,4,9,-13.75
latin jazz,Moderato,1,10,-18.896
gangster rap,Andante,4,6,-5.268
blues-rock,Andante,4,0,-4.559
country rock,Allegro,4,2,-8.116
blues-rock,Largo,4,11,-12.967
post-grunge,Allegro,4,5,-8.669
hip hop,Adagio,5,1,-12.654000000000002
blues-rock,Andante,4,2,-7.535
chanson,Adagio,5,2,-16.243
ccm,Andante,7,9,-14.807
hip hop,Andante,5,10,-8.317
blues-rock,Allegro,1,11,-7.284
gangster rap,Moderato,4,8,-8.078
chanson,Allegro,5,10,-11.092
hip hop,Andante,4,5,-8.527000000000001
dance pop,Moderato,5,4,-15.808
hip hop,Andante,4,1,-8.42
hip hop,Prestissimo,3,7,-28.603
chanson,Allegro,4,2,-11.777999999999999
gangster rap,Allegro,4,1,-7.482
hip hop,Presto,4,11,-3.989
blues-rock,Andante,4,5,-8.737
ccm,Andante,4,5,-16.941
roots reggae,Allegro,4,1,-5.651
hip hop,Adagio,4,10,-15.095999999999998
gangster rap,Andante,4,5,-4.73
hip hop,Adagio,4,11,-16.160999999999998
post-grunge,Allegro,5,1,-6.336
blues-rock,Allegro,4,9,-9.759
hip hop,Allegro,3,3,-7.1
country rock,Andante,4,2,-3.662
dance pop,Moderato,4,0,-9.308
blues-rock,Allegro,3,4,-15.83
blues-rock,Andante,4,11,-3.778
chanson,Allegro,4,0,-7.6129999999999995
country rock,Presto,4,7,-5.015
hip hop,Andante,5,5,-5.971
hip hop,Allegro,4,6,-6.707999999999999
country rock,Allegro,4,7,-6.547999999999999
latin jazz,Adagio,1,9,-13.347000000000001
latin jazz,Allegro,4,5,-5.827000000000001
hip hop,Andante,4,11,-16.963
chanson,Allegro,1,8,-8.762
blues-rock,Andante,4,2,-9.213
ccm,Andante,4,2,-15.001
latin jazz,Prestissimo,4,7,-16.862000000000002
country rock,Allegro,4,4,-8.924
country rock,Adagio,1,3,-8.873
hip hop,Andante,4,10,-7.553
gangster rap,Andante,4,9,-7.6770000000000005
blues-rock,Allegro,5,11,-9.517999999999999
gangster rap,Moderato,4,4,-7.325
blues-rock,Andante,3,0,-13.615
chanson,Andante,1,7,-6.372999999999999
ccm,Allegro,4,0,-5.0489999999999995
gangster rap,Presto,4,5,-23.923000000000002
gangster rap,Adagio,4,7,-6.392
chanson,Andante,3,5,-6.655
country rock,Allegro,4,4,-4.66
ccm,Allegro,4,7,-8.277999999999999
latin jazz,Andante,5,4,-12.452
post-grunge,Allegro,4,0,-4.706
blues-rock,Allegro,4,2,-15.135
gangster rap,Adagio,4,9,-5.672000000000001
latin jazz,Allegro,4,0,-13.462
ccm,Andante,4,5,-6.291
country rock,Prestissimo,1,6,-14.931
ccm,Allegro,4,7,-8.724
chanson,Adagio,4,1,-7.747999999999999
hip hop,Andante,4,9,-7.212000000000001
blues-rock,Allegro,4,0,-14.18
post-grunge,Allegro,4,8,-4.177
gangster rap,Allegro,3,3,-6.303
gangster rap,Andante,4,7,-5.189
blues-rock,Adagio,4,5,-4.82
chanson,Andante,4,1,-14.512
blues-rock,Andante,4,7,-9.353
latin jazz,Andante,4,7,-12.464
gangster rap,Moderato,5,6,-3.103
post-grunge,Allegro,4,1,-12.555
roots reggae,Andante,4,1,-16.154
chanson,Prestissimo,1,7,-10.307
dance pop,Moderato,4,1,-4.104
hip hop,Andante,4,1,-4.612
gangster rap,Andante,4,11,-3.8310000000000004
chanson,Andante,4,9,-3.737
roots reggae,Moderato,4,9,-9.363999999999999
ccm,Andante,4,1,-6.135
blues-rock,Allegro,4,9,-7.386
latin jazz,Andante,1,3,-16.077
blues-rock,Allegro,4,9,-14.274000000000001
hip hop,Andante,4,2,-5.5329999999999995
dance pop,Adagio,4,0,-16.69
country rock,Presto,1,2,-11.812000000000001
hip hop,Andante,4,6,-8.039
roots reggae,Allegro,4,9,-9.821
dance pop,Allegro,4,10,-5.529
chanson,Allegro,4,0,-12.5
post-grunge,Allegro,4,8,-7.072
post-grunge,Allegro,4,8,-3.798
hip hop,Andante,4,1,-8.908
roots reggae,Allegro,4,1,-9.237
hip hop,Andante,4,1,-12.466
post-grunge,Moderato,4,11,-6.654
blues-rock,Allegro,4,1,-7.343999999999999
country rock,Allegro,4,7,-18.095
post-grunge,Allegro,4,0,-5.233
roots reggae,Allegro,4,7,-7.902
ccm,Andante,4,7,-11.914000000000001
hip hop,Andante,3,1,-9.097000000000001
post-grunge,Presto,4,1,-4.948
country rock,Moderato,4,9,-3.807
chanson,Prestissimo,1,1,-20.243
hip hop,Andante,4,2,-8.588
gangster rap,Allegro,4,8,-12.415
country rock,Presto,7,9,-14.152000000000001
blues-rock,Moderato,3,1,-8.037
blues-rock,Andante,4,4,-13.4
ccm,Allegro,4,3,-12.908
hip hop,Allegro,4,6,-5.104
hip hop,Prestissimo,4,8,-16.611
hip hop,Andante,4,4,-7.341
chanson,Presto,4,9,-7.347
post-grunge,Moderato,4,11,-6.8
hip hop,Allegro,4,2,-10.027000000000001
country rock,Andante,3,4,-13.192
blues-rock,Andante,1,7,-7.357
post-grunge,Allegro,4,10,-5.914
hip hop,Presto,4,1,-5.932
post-grunge,Allegro,4,11,-16.695999999999998
ccm,Andante,4,5,-10.488
hip hop,Andante,4,7,-7.894
gangster rap,Andante,4,2,-7.004
latin jazz,Allegro,5,7,-10.7
post-grunge,Prestissimo,4,10,-5.09
roots reggae,Allegro,4,7,-7.914
blues-rock,Moderato,4,1,-9.703
gangster rap,Andante,4,9,-3.4139999999999997
chanson,Andante,4,11,-5.769
hip hop,Adagio,4,1,-11.51
latin jazz,Allegro,3,7,-13.45
gangster rap,Andante,4,9,-5.407
ccm,Andante,4,9,-11.013
ccm,Adagio,1,2,-7.774
hip hop,Andante,3,9,-10.117
ccm,Moderato,3,9,-10.216000000000001
post-grunge,Allegro,4,4,-6.037000000000001
hip hop,Andante,7,7,-11.437000000000001
blues-rock,Adagio,7,5,-16.314
blues-rock,Moderato,4,2,-9.745
blues-rock,Allegro,4,0,-7.17
hip hop,Allegro,3,6,-6.257999999999999
hip hop,Allegro,4,5,-5.6370000000000005
ccm,Andante,4,2,-9.833
gangster rap,Andante,5,10,-10.448
hip hop,Moderato,1,9,-5.59
country rock,Andante,4,11,-10.315999999999999
hip hop,Allegro,1,2,-6.244
dance pop,Allegro,4,0,-8.48
gangster rap,Allegro,1,10,-13.102
hip hop,Presto,3,4,-5.4639999999999995
roots reggae,Andante,4,2,-7.632999999999999
dance pop,Allegro,4,7,-5.334
hip hop,Moderato,4,10,-6.029
blues-rock,Moderato,4,2,-9.363
ccm,Moderato,4,8,-9.516
country rock,Moderato,4,9,-6.691
chanson,Prestissimo,1,9,-13.526
hip hop,Andante,3,1,-8.549
blues-rock,Andante,4,9,-6.502999999999999
chanson,Allegro,3,4,-7.111000000000001
hip hop,Moderato,5,7,-2.911
blues-rock,Andante,4,11,-6.351
chanson,Presto,1,6,-12.8
post-grunge,Andante,4,7,-5.206
dance pop,Andante,4,2,-5.329
dance pop,Andante,4,2,-4.931
blues-rock,Moderato,4,9,-5.827000000000001
gangster rap,Presto,4,7,-6.337999999999999
country rock,Allegro,4,7,-5.778
hip hop,Prestissimo,7,1,-9.836
hip hop,Andante,4,1,-4.5569999999999995
blues-rock,Andante,4,2,-8.686
dance pop,Moderato,4,1,-7.75
blues-rock,Andante,4,11,-8.218
ccm,Allegro,1,2,-12.722999999999999
blues-rock,Andante,1,1,-10.182
blues-rock,Allegro,4,2,-7.416
blues-rock,Allegro,1,4,-7.377000000000001
gangster rap,Allegro,4,1,-4.875
hip hop,Andante,4,7,-8.649
chanson,Moderato,4,4,-9.774
gangster rap,Presto,4,2,-5.608
blues-rock,Andante,4,0,-8.677
blues-rock,Moderato,1,8,-13.234000000000002
hip hop,Moderato,4,1,-7.247999999999999
post-grunge,Allegro,4,2,-4.865
hip hop,Allegro,4,2,-8.665
chanson,Allegro,1,4,-9.324
post-grunge,Andante,4,3,-8.371
hip hop,Allegro,5,11,-5.652
latin jazz,Allegro,3,4,-16.285
country rock,Allegro,4,4,-12.061
latin jazz,Andante,4,2,-26.061999999999998
blues-rock,Moderato,4,5,-14.1
ccm,Allegro,4,0,-14.498
country rock,Andante,4,0,-9.698
roots reggae,Andante,4,0,-15.064
gangster rap,Presto,4,7,-2.253
blues-rock,Andante,7,10,-9.02
blues-rock,Allegro,4,1,-10.529000000000002
gangster rap,Adagio,1,2,-6.274
country rock,Andante,5,2,-10.344000000000001
latin jazz,Andante,4,0,-14.002
blues-rock,Adagio,1,0,-11.494000000000002
chanson,Andante,4,4,-7.051
hip hop,Presto,3,0,-11.850999999999999
blues-rock,Allegro,4,5,-5.046
hip hop,Allegro,4,6,-6.565
roots reggae,Allegro,4,7,-7.077000000000001
blues-rock,Allegro,3,8,-12.494000000000002
ccm,Prestissimo,3,7,-11.899000000000001
hip hop,Allegro,3,4,-8.138
blues-rock,Andante,3,9,-3.947
gangster rap,Andante,1,4,-8.216000000000001
post-grunge,Andante,4,11,-7.899
ccm,Presto,1,7,-5.819
country rock,Allegro,4,4,-6.957000000000001
chanson,Presto,4,2,-9.816
hip hop,Moderato,4,2,-8.689
hip hop,Andante,3,2,-10.425999999999998
dance pop,Allegro,4,1,-6.263
dance pop,Allegro,4,11,-4.87
gangster rap,Andante,4,0,-9.385
blues-rock,Allegro,4,1,-8.693
hip hop,Andante,3,4,-6.669
dance pop,Allegro,4,11,-6.194
hip hop,Moderato,5,11,-4.293
latin jazz,Largo,4,2,-17.074
latin jazz,Allegro,5,5,-13.259
blues-rock,Allegro,4,7,-8.146
blues-rock,Andante,4,9,-9.472000000000001
chanson,Allegro,4,7,-16.223
latin jazz,Andante,1,0,-8.837
latin jazz,Grave,3,5,-11.860999999999999
gangster rap,Grave,1,0,-24.904
blues-rock,Andante,1,9,-4.146
hip hop,Andante,4,11,-7.307
ccm,Andante,4,10,-7.255
roots reggae,Andante,5,1,-21.569000000000003
country rock,Andante,1,10,-23.611
chanson,Allegro,3,7,-8.253
country rock,Allegro,4,7,-6.234
hip hop,Adagio,1,1,-12.368
chanson,Andante,7,4,-17.320999999999998
country rock,Allegro,5,9,-8.446
latin jazz,Andante,4,8,-8.869
dance pop,Andante,3,5,-17.684
ccm,Adagio,3,7,-14.042
roots reggae,Allegro,4,11,-9.791
dance pop,Andante,3,5,-3.676
roots reggae,Allegro,1,2,-8.777000000000001
hip hop,Prestissimo,5,8,-13.927999999999999
blues-rock,Allegro,4,3,-8.666
hip hop,Allegro,4,0,-6.747999999999999
chanson,Presto,3,2,-11.963
ccm,Moderato,4,6,-12.998
hip hop,Presto,4,10,-6.434
country rock,Allegro,4,4,-17.913
chanson,Moderato,1,3,-12.859000000000002
blues-rock,Allegro,3,6,-4.277
country rock,Andante,1,3,-10.112
latin jazz,Andante,4,11,-21.031999999999996
chanson,Adagio,1,6,-8.546
blues-rock,Moderato,3,7,-15.085999999999999
hip hop,Allegro,4,2,-6.712000000000001
country rock,Andante,4,9,-12.484000000000002
hip hop,Andante,4,4,-7.531000000000001
hip hop,Andante,4,7,-8.006
hip hop,Andante,4,9,-8.902000000000001
post-grunge,Allegro,4,2,-9.795
country rock,Allegro,4,9,-11.165999999999999
hip hop,Andante,4,1,-10.87
blues-rock,Allegro,4,0,-5.686
latin jazz,Allegro,4,2,-9.498
hip hop,Andante,4,6,-7.468
blues-rock,Allegro,1,2,-6.818
ccm,Moderato,4,0,-5.038
hip hop,Andante,4,0,-16.323
hip hop,Moderato,4,7,-7.559
latin jazz,Allegro,4,0,-11.15
hip hop,Andante,4,10,-4.178
post-grunge,Moderato,4,3,-7.742000000000001
latin jazz,Moderato,4,7,-19.884
blues-rock,Adagio,1,7,-8.975
gangster rap,Presto,4,6,-5.032
hip hop,Adagio,3,1,-19.406
blues-rock,Moderato,4,9,-6.854
hip hop,Allegro,5,1,-8.007
gangster rap,Andante,4,11,-5.803999999999999
blues-rock,Andante,4,5,-12.892999999999999
post-grunge,Moderato,4,8,-5.472
chanson,Prestissimo,3,7,-10.032
chanson,Allegro,4,3,-16.757
blues-rock,Allegro,4,7,-12.732999999999999
hip hop,Moderato,4,7,-5.407
chanson,Allegro,4,9,-5.559
latin jazz,Allegro,4,0,-9.394
ccm,Andante,4,9,-4.747
country rock,Allegro,4,0,-4.3
ccm,Andante,4,5,-7.084
latin jazz,Allegro,1,2,-23.171999999999997
ccm,Andante,4,11,-11.415999999999999
country rock,Allegro,5,0,-15.339
hip hop,Andante,4,1,-8.602
chanson,Allegro,4,4,-14.507
country rock,Andante,4,4,-17.514
dance pop,Andante,4,3,-11.323
post-grunge,Allegro,4,7,-6.077000000000001
latin jazz,Presto,4,2,-12.793
roots reggae,Allegro,4,1,-7.651
hip hop,Allegro,5,6,-7.492000000000001
latin jazz,Allegro,4,0,-13.485
hip hop,Moderato,5,11,-5.805
country rock,Moderato,4,4,-10.427
hip hop,Prestissimo,7,10,-9.406
latin jazz,Adagio,1,5,-24.669
blues-rock,Andante,4,7,-10.672
roots reggae,Presto,7,1,-10.789000000000001
ccm,Andante,4,0,-13.315999999999999
chanson,Allegro,4,7,-16.755
hip hop,Moderato,4,6,-19.67
ccm,Largo,1,6,-11.769
ccm,Moderato,4,3,-14.470999999999998
hip hop,Andante,4,7,-11.620999999999999
latin jazz,Presto,7,5,-15.525
post-grunge,Allegro,4,1,-11.13
roots reggae,Allegro,4,7,-11.048
ccm,Andante,4,9,-6.7410000000000005
hip hop,Andante,4,11,-9.201
post-grunge,Prestissimo,4,2,-5.242999999999999
blues-rock,Allegro,4,9,-8.72
dance pop,Allegro,4,0,-6.59
blues-rock,Presto,4,4,-12.732000000000001
hip hop,Allegro,5,0,-5.664
hip hop,Andante,4,2,-11.667
dance pop,Presto,4,7,-5.8229999999999995
post-grunge,Allegro,3,9,-8.0
post-grunge,Allegro,4,5,-4.83
gangster rap,Allegro,4,8,-5.275
chanson,Prestissimo,1,3,-9.594
dance pop,Andante,4,0,-3.693
blues-rock,Andante,3,9,-18.389
ccm,Allegro,4,6,-9.515
hip hop,Andante,5,1,-6.892
ccm,Allegro,4,8,-7.355
chanson,Prestissimo,7,7,-10.607000000000001
chanson,Moderato,4,6,-7.779
gangster rap,Andante,4,7,-5.716
country rock,Allegro,1,9,-11.530999999999999
gangster rap,Andante,4,10,-6.671
dance pop,Andante,4,11,-5.046
post-grunge,Andante,4,9,-7.127999999999999
hip hop,Andante,4,1,-14.283
blues-rock,Moderato,4,5,-6.6579999999999995
chanson,Adagio,3,0,-11.61
ccm,Andante,1,2,-14.419
blues-rock,Presto,4,6,-11.59
ccm,Andante,3,6,-14.014000000000001
dance pop,Andante,4,11,-5.205
ccm,Andante,4,6,-9.889
blues-rock,Andante,4,2,-7.843999999999999
ccm,Andante,1,9,-20.729
country rock,Allegro,3,9,-11.512
chanson,Andante,1,9,-10.82
ccm,Allegro,4,9,-15.784
chanson,Allegro,1,9,-18.497
ccm,Moderato,1,0,-17.916
ccm,Allegro,4,2,-9.412
roots reggae,Andante,4,10,-15.431
blues-rock,Moderato,4,7,-4.732
hip hop,Andante,4,10,-7.602
hip hop,Andante,5,11,-7.607
gangster rap,Allegro,3,0,-12.624
ccm,Andante,4,10,-10.960999999999999
hip hop,Presto,4,7,-6.567
chanson,Allegro,4,7,-11.050999999999998
hip hop,Presto,3,10,-7.7
post-grunge,Andante,4,7,-2.76
post-grunge,Andante,4,11,-12.255999999999998
blues-rock,Allegro,4,5,-10.052
ccm,Allegro,4,3,-6.315
hip hop,Allegro,4,4,-5.296
hip hop,Andante,4,9,-8.315
country rock,Allegro,4,2,-17.816
hip hop,Moderato,4,2,-14.122
ccm,Andante,3,0,-6.124
ccm,Moderato,4,2,-10.366
gangster rap,Andante,4,2,-5.204
chanson,Prestissimo,4,2,-12.165999999999999
dance pop,Allegro,5,5,-6.372999999999999
latin jazz,Allegro,4,0,-9.777000000000001
country rock,Andante,3,7,-10.273
chanson,Moderato,3,10,-10.415999999999999
hip hop,Adagio,5,1,-22.033
chanson,Allegro,1,0,-11.765
blues-rock,Presto,4,9,-15.794
post-grunge,Andante,3,5,-3.861
latin jazz,Allegro,4,2,-11.905999999999999
ccm,Allegro,1,7,-9.799
blues-rock,Allegro,4,0,-12.685
blues-rock,Adagio,1,8,-6.34
chanson,Moderato,5,8,-12.538
dance pop,Allegro,4,8,-10.612
hip hop,Moderato,4,5,-11.215
country rock,Andante,3,0,-12.439
country rock,Allegro,4,7,-6.0329999999999995
chanson,Andante,4,2,-7.246
roots reggae,Allegro,4,1,-8.141
country rock,Andante,3,9,-15.854000000000001
chanson,Andante,3,2,-7.254
gangster rap,Prestissimo,4,0,-3.1630000000000003
roots reggae,Allegro,4,11,-15.725999999999999
gangster rap,Presto,4,11,-8.649
hip hop,Andante,4,6,-8.74
dance pop,Allegro,4,10,-3.6289999999999996
blues-rock,Andante,1,11,-10.124
hip hop,Prestissimo,4,7,-5.065
country rock,Andante,4,9,-16.059
blues-rock,Allegro,4,11,-7.207000000000001
chanson,Andante,4,0,-6.505
dance pop,Andante,4,5,-7.4879999999999995
latin jazz,Presto,7,7,-8.033999999999999
hip hop,Andante,4,11,-3.528
blues-rock,Allegro,4,5,-8.235
post-grunge,Allegro,4,9,-2.694
latin jazz,Andante,3,10,-12.183
dance pop,Allegro,4,3,-6.704
hip hop,Andante,4,10,-13.173
ccm,Andante,4,10,-12.228
ccm,Allegro,4,4,-13.943
post-grunge,Allegro,1,6,-6.765
hip hop,Prestissimo,4,1,-7.481
gangster rap,Allegro,5,5,-7.545
post-grunge,Allegro,4,0,-4.399
post-grunge,Andante,4,9,-5.1339999999999995
latin jazz,Allegro,4,2,-12.321
latin jazz,Allegro,1,5,-5.132000000000001
latin jazz,Prestissimo,5,1,-9.427999999999999
blues-rock,Presto,4,8,-5.212000000000001
hip hop,Andante,7,7,-5.132000000000001
chanson,Moderato,1,3,-10.32
dance pop,Andante,4,4,-10.728
dance pop,Allegro,4,8,-3.924
ccm,Andante,5,2,-10.602
blues-rock,Presto,4,9,-8.039
blues-rock,Moderato,4,5,-9.817
gangster rap,Allegro,4,6,-5.81
chanson,Andante,4,8,-5.106
blues-rock,Allegro,4,7,-12.963
country rock,Allegro,4,5,-13.940999999999999
blues-rock,Allegro,1,1,-12.902999999999999
blues-rock,Allegro,4,2,-5.521
blues-rock,Allegro,4,3,-12.727
latin jazz,Allegro,3,5,-18.006
gangster rap,Andante,4,6,-3.0839999999999996
hip hop,Allegro,4,8,-5.755
roots reggae,Allegro,4,5,-6.46
hip hop,Andante,4,6,-6.736000000000001
ccm,Allegro,4,8,-10.925
hip hop,Andante,4,7,-3.949
roots reggae,Allegro,4,1,-15.011
latin jazz,Allegro,1,5,-12.272
dance pop,Allegro,4,7,-8.67
ccm,Andante,4,7,-10.850999999999999
blues-rock,Allegro,4,10,-9.508
country rock,Presto,1,9,-8.601
blues-rock,Moderato,4,7,-11.187000000000001
ccm,Andante,4,5,-9.579
dance pop,Moderato,4,9,-7.367000000000001
hip hop,Presto,3,2,-3.909
latin jazz,Allegro,4,2,-10.841
blues-rock,Allegro,1,0,-13.454
country rock,Allegro,5,9,-8.491
hip hop,Presto,4,2,-7.172999999999999
chanson,Allegro,1,2,-8.669
dance pop,Prestissimo,4,11,-5.224
hip hop,Moderato,1,1,-5.914
dance pop,Moderato,4,11,-4.704
dance pop,Moderato,4,9,-8.326
roots reggae,Allegro,1,4,-6.335
chanson,Allegro,4,2,-8.068999999999999
hip hop,Andante,4,9,-2.9789999999999996
dance pop,Allegro,1,11,-5.959
hip hop,Moderato,4,1,-6.601
ccm,Adagio,4,0,-26.383000000000003
gangster rap,Allegro,4,8,-4.592
blues-rock,Allegro,4,9,-15.713
hip hop,Adagio,1,11,-12.352
chanson,Andante,4,1,-7.632999999999999
gangster rap,Presto,4,4,-5.827000000000001
blues-rock,Moderato,3,2,-8.701
hip hop,Presto,4,8,-6.797999999999999
country rock,Andante,1,4,-10.444
ccm,Allegro,4,9,-23.636999999999997
country rock,Moderato,4,3,-12.923
gangster rap,Presto,4,7,-10.882
chanson,Allegro,3,10,-11.667
country rock,Presto,4,7,-3.471
dance pop,Andante,4,5,-6.146
country rock,Andante,3,7,-19.002
hip hop,Presto,4,10,-3.952
latin jazz,Allegro,4,5,-11.876
ccm,Allegro,4,9,-5.564
blues-rock,Andante,4,9,-6.859
post-grunge,Allegro,4,4,-6.412999999999999
gangster rap,Allegro,4,1,-10.068999999999999
dance pop,Allegro,1,0,-7.597
gangster rap,Presto,4,4,-11.594000000000001
blues-rock,Presto,4,11,-11.954
hip hop,Moderato,5,11,-6.08
hip hop,Allegro,5,0,-10.796
gangster rap,Adagio,3,8,-4.762
latin jazz,Presto,7,2,-7.151
chanson,Andante,1,9,-17.944000000000003
blues-rock,Allegro,4,7,-7.792000000000001
latin jazz,Andante,4,6,-9.183
hip hop,Prestissimo,3,5,-5.721
ccm,Allegro,5,0,-13.538
dance pop,Allegro,4,2,-7.8629999999999995
ccm,Moderato,4,5,-10.644
hip hop,Andante,4,1,-7.662999999999999
roots reggae,Allegro,4,4,-6.295
blues-rock,Andante,4,2,-5.803999999999999
chanson,Moderato,1,2,-15.167
latin jazz,Presto,4,10,-20.767
ccm,Andante,3,3,-11.050999999999998
ccm,Moderato,4,9,-9.947000000000001
blues-rock,Andante,1,1,-7.047999999999999
dance pop,Allegro,4,11,-9.272
blues-rock,Allegro,1,2,-9.947000000000001
blues-rock,Allegro,4,2,-8.885
ccm,Allegro,4,11,-6.103
hip hop,Andante,4,11,-9.248
ccm,Andante,3,0,-17.424
blues-rock,Andante,7,3,-14.84
roots reggae,Andante,4,9,-11.599
hip hop,Allegro,4,11,-7.132000000000001
gangster rap,Andante,4,8,-11.672
post-grunge,Allegro,4,10,-6.348
hip hop,Allegro,3,1,-6.513
ccm,Moderato,4,6,-5.267
latin jazz,Grave,3,0,-29.105999999999998
ccm,Moderato,3,4,-16.69
hip hop,Andante,4,10,-8.165
country rock,Andante,1,0,-9.328
latin jazz,Andante,4,1,-12.242
hip hop,Andante,4,1,-4.805
blues-rock,Allegro,1,7,-5.7
hip hop,Allegro,4,10,-6.3420000000000005
country rock,Allegro,4,0,-11.440999999999999
dance pop,Allegro,5,5,-5.426
gangster rap,Andante,4,10,-5.4639999999999995
dance pop,Presto,4,9,-10.892999999999999
dance pop,Presto,4,0,-14.989
dance pop,Moderato,1,7,-8.204
blues-rock,Allegro,4,1,-5.564
roots reggae,Allegro,4,4,-7.268
hip hop,Andante,4,1,-6.922999999999999
dance pop,Allegro,4,11,-5.558
blues-rock,Allegro,4,7,-11.212
ccm,Allegro,4,9,-8.212
blues-rock,Allegro,4,7,-10.634
blues-rock,Andante,4,1,-14.057
hip hop,Andante,4,11,-3.275
dance pop,Allegro,4,2,-5.539
country rock,Prestissimo,4,11,-15.419
country rock,Allegro,4,3,-8.045
hip hop,Allegro,1,10,-15.137
ccm,Allegro,4,1,-6.171
ccm,Allegro,1,11,-16.174
chanson,Andante,3,7,-9.815
country rock,Andante,4,5,-17.944000000000003
post-grunge,Allegro,4,9,-4.737
ccm,Allegro,4,3,-6.564
latin jazz,Prestissimo,4,0,-13.739
chanson,Moderato,4,1,-15.788
blues-rock,Adagio,3,5,-8.265
roots reggae,Allegro,4,0,-18.679000000000002
hip hop,Moderato,7,1,-5.555
blues-rock,Moderato,4,5,-9.482999999999999
roots reggae,Allegro,4,4,-9.655
roots reggae,Allegro,4,1,-7.983
roots reggae,Allegro,1,1,-7.269
blues-rock,Moderato,4,6,-13.026
latin jazz,Allegro,1,1,-9.2
blues-rock,Andante,1,2,-8.291
blues-rock,Allegro,1,9,-13.562000000000001
hip hop,Allegro,4,7,-10.627
ccm,Allegro,4,0,-9.073
hip hop,Andante,4,0,-9.384
blues-rock,Andante,1,4,-4.775
dance pop,Andante,4,1,-6.297000000000001
ccm,Andante,4,9,-8.133
hip hop,Allegro,4,7,-7.006
ccm,Allegro,4,6,-14.979000000000001
latin jazz,Adagio,1,3,-21.052
country rock,Andante,3,11,-20.105999999999998
gangster rap,Allegro,1,10,-6.937
gangster rap,Presto,4,1,-7.284
latin jazz,Allegro,4,0,-10.503
hip hop,Presto,4,9,-3.3489999999999998
post-grunge,Allegro,4,3,-8.505
dance pop,Adagio,1,7,-8.235
hip hop,Largo,4,2,-5.239
gangster rap,Moderato,1,7,-11.807
blues-rock,Andante,4,9,-12.328
chanson,Adagio,4,2,-8.931000000000001
hip hop,Presto,7,5,-5.303
post-grunge,Allegro,3,7,-5.945
dance pop,Andante,7,9,-7.405
blues-rock,Moderato,4,1,-7.827000000000001
ccm,Andante,5,11,-12.883
ccm,Andante,4,4,-8.781
hip hop,Andante,4,4,-12.75
blues-rock,Andante,4,2,-14.735999999999999
blues-rock,Allegro,4,9,-10.76
dance pop,Allegro,4,4,-7.098
hip hop,Allegro,4,6,-5.79
gangster rap,Adagio,5,4,-5.347
post-grunge,Allegro,4,9,-9.558
dance pop,Andante,4,4,-8.22
gangster rap,Andante,3,1,-9.742
chanson,Moderato,4,4,-10.987
country rock,Allegro,3,2,-15.835
blues-rock,Allegro,1,7,-12.024000000000001
blues-rock,Andante,1,3,-6.555
blues-rock,Andante,3,9,-12.328
blues-rock,Allegro,3,11,-10.544
hip hop,Allegro,3,1,-8.806000000000001
ccm,Allegro,4,9,-4.035
gangster rap,Allegro,4,1,-5.981
latin jazz,Allegro,3,10,-8.559
latin jazz,Allegro,1,9,-12.100999999999999
chanson,Allegro,4,9,-12.793
ccm,Allegro,4,1,-11.177999999999999
hip hop,Andante,4,2,-4.237
country rock,Allegro,4,7,-18.261
chanson,Andante,4,8,-12.623
hip hop,Presto,3,8,-5.349
roots reggae,Andante,4,7,-8.588
hip hop,Allegro,7,7,-3.8939999999999997
hip hop,Moderato,4,2,-18.454
hip hop,Allegro,4,7,-7.36
hip hop,Andante,4,2,-8.236
hip hop,Allegro,5,1,-3.887
chanson,Allegro,4,2,-9.86
gangster rap,Andante,4,10,-6.065
blues-rock,Allegro,1,7,-9.013
roots reggae,Allegro,4,11,-10.762
country rock,Allegro,3,9,-8.387
roots reggae,Allegro,4,0,-12.828
dance pop,Andante,4,5,-5.229
chanson,Andante,4,9,-8.131
hip hop,Andante,4,9,-12.835999999999999
hip hop,Allegro,4,1,-5.129
ccm,Andante,3,0,-8.19
ccm,Andante,5,7,-15.925999999999998
country rock,Andante,4,2,-6.939
blues-rock,Andante,4,10,-17.087
country rock,Adagio,1,0,-32.535
ccm,Andante,7,0,-10.599
blues-rock,Allegro,3,8,-10.118
post-grunge,Allegro,4,10,-3.93
latin jazz,Andante,4,7,-17.346
dance pop,Presto,4,2,-6.946000000000001
hip hop,Andante,4,0,-15.686
hip hop,Allegro,4,9,-6.082999999999999
blues-rock,Andante,3,5,-5.955
gangster rap,Andante,4,9,-9.383
latin jazz,Allegro,4,10,-14.714
blues-rock,Prestissimo,4,4,-12.097999999999999
country rock,Andante,1,3,-7.068
blues-rock,Presto,4,5,-5.5489999999999995
ccm,Allegro,3,2,-4.888
roots reggae,Andante,4,0,-9.07
hip hop,Moderato,4,7,-15.494000000000002
chanson,Moderato,3,2,-8.649
ccm,Andante,4,7,-12.177999999999999
hip hop,Allegro,4,6,-7.662999999999999
ccm,Moderato,4,11,-10.459000000000001
country rock,Allegro,1,2,-3.471
hip hop,Presto,4,10,-10.552999999999999
hip hop,Andante,4,1,-2.198
post-grunge,Andante,4,2,-20.869
gangster rap,Allegro,5,7,-6.774
gangster rap,Andante,4,1,-4.919
dance pop,Allegro,4,0,-17.938
ccm,Allegro,3,5,-7.954
blues-rock,Prestissimo,3,6,-4.43
blues-rock,Allegro,4,8,-5.0969999999999995
chanson,Allegro,4,5,-9.985
hip hop,Moderato,4,3,-5.584
hip hop,Andante,1,4,-13.537
post-grunge,Allegro,1,10,-4.842
chanson,Adagio,4,1,-14.293
blues-rock,Andante,3,4,-9.158999999999999
ccm,Andante,4,1,-7.484
country rock,Moderato,4,0,-9.64
blues-rock,Allegro,3,4,-13.806
post-grunge,Andante,3,1,-14.469000000000001
gangster rap,Andante,4,1,-4.636
hip hop,Andante,4,4,-6.496
ccm,Allegro,4,8,-8.705
chanson,Allegro,5,4,-6.897
blues-rock,Allegro,4,6,-6.806
ccm,Allegro,4,2,-11.508
ccm,Adagio,4,11,-15.135
blues-rock,Andante,1,8,-10.954
ccm,Allegro,4,3,-7.023
gangster rap,Andante,4,11,-4.753
hip hop,Allegro,4,7,-12.919
latin jazz,Allegro,4,1,-12.589
latin jazz,Andante,4,1,-27.621
chanson,Allegro,4,6,-6.711
chanson,Allegro,7,7,-10.908
hip hop,Andante,4,11,-5.216
post-grunge,Allegro,4,2,-6.322
roots reggae,Allegro,4,7,-13.002
post-grunge,Allegro,4,1,-2.863
hip hop,Andante,4,9,-7.763
blues-rock,Adagio,4,0,-11.547
hip hop,Andante,3,6,-8.21
hip hop,Allegro,4,4,-7.459
blues-rock,Allegro,4,0,-12.390999999999998
chanson,Allegro,1,0,-10.91
blues-rock,Andante,4,7,-27.749000000000002
blues-rock,Allegro,4,6,-5.693
country rock,Andante,4,9,-7.867000000000001
hip hop,Presto,4,7,-4.655
latin jazz,Andante,4,1,-21.781
hip hop,Presto,5,1,-13.558
post-grunge,Allegro,5,6,-4.995
blues-rock,Allegro,5,4,-8.852
blues-rock,Allegro,4,1,-9.385
roots reggae,Allegro,4,8,-8.258
hip hop,Andante,4,8,-9.577
country rock,Allegro,4,2,-18.865
latin jazz,Allegro,4,6,-6.8660000000000005
latin jazz,Allegro,1,10,-13.394
chanson,Andante,3,7,-11.34
roots reggae,Allegro,4,8,-6.582000000000001
hip hop,Andante,3,10,-6.022
blues-rock,Presto,5,9,-19.907
blues-rock,Allegro,7,10,-9.68
blues-rock,Moderato,4,2,-12.378
country rock,Allegro,4,7,-8.997
hip hop,Allegro,4,4,-3.387
blues-rock,Andante,4,5,-7.875
post-grunge,Allegro,4,0,-6.09
ccm,Adagio,5,0,-13.52
hip hop,Moderato,4,0,-10.031
roots reggae,Presto,4,4,-9.311
dance pop,Allegro,4,10,-9.654
dance pop,Andante,4,0,-4.876
gangster rap,Presto,4,9,-4.595
hip hop,Andante,4,0,-7.332000000000001
hip hop,Presto,7,11,-7.399
post-grunge,Allegro,3,9,-5.551
ccm,Andante,5,7,-15.175
chanson,Presto,4,1,-12.682
chanson,Andante,3,4,-11.616
chanson,Allegro,4,4,-9.18
ccm,Andante,4,5,-15.355
hip hop,Andante,4,10,-10.477
hip hop,Moderato,4,4,-7.309
dance pop,Andante,5,0,-6.032
chanson,Allegro,4,7,-10.787
hip hop,Allegro,4,11,-4.988
blues-rock,Moderato,4,7,-6.922999999999999
chanson,Andante,7,0,-12.442
blues-rock,Moderato,7,4,-14.87
latin jazz,Moderato,4,0,-7.82
chanson,Presto,4,5,-7.943
dance pop,Allegro,4,2,-6.223
country rock,Allegro,4,0,-8.374
hip hop,Andante,4,7,-12.314
latin jazz,Moderato,4,0,-9.698
post-grunge,Andante,4,8,-4.26
ccm,Adagio,7,2,-14.966
post-grunge,Andante,4,5,-15.284
hip hop,Andante,4,8,-13.91
hip hop,Andante,4,10,-8.668
country rock,Andante,3,1,-16.326
blues-rock,Andante,1,2,-6.295
chanson,Allegro,4,7,-6.662999999999999
blues-rock,Adagio,3,7,-7.355
blues-rock,Presto,7,0,-8.958
hip hop,Andante,4,1,-7.557
dance pop,Allegro,4,5,-3.5789999999999997
hip hop,Andante,4,1,-7.409
gangster rap,Andante,1,7,-3.8
chanson,Moderato,4,2,-10.713
latin jazz,Prestissimo,7,7,-8.863999999999999
hip hop,Adagio,1,2,-20.656
post-grunge,Allegro,4,5,-3.892
blues-rock,Andante,3,0,-11.992
post-grunge,Andante,4,2,-9.043
ccm,Allegro,4,2,-10.614
hip hop,Andante,4,7,-5.597
blues-rock,Andante,1,7,-10.955
roots reggae,Andante,1,5,-8.85
ccm,Allegro,4,2,-12.922
post-grunge,Allegro,4,0,-7.335
ccm,Andante,4,9,-6.968
dance pop,Andante,4,10,-4.225
latin jazz,Allegro,1,9,-16.602999999999998
ccm,Adagio,1,0,-16.294
dance pop,Andante,4,11,-7.489
